{
    "step": 49,
    "train": {
        "loss": 0.002055147662758827,
        "acc": 0.9992333054542542
    },
    "eval": {
        "loss": 0.06867203116416931,
        "acc": 0.9879000186920166
    }
}