{
    "step": 9,
    "loss": 0.03911537304520607,
    "acc": 0.987333357334137,
    "val_loss": 0.0349835641682148,
    "val_acc": 0.988099992275238
}