{
    "step": 9,
    "train": {
        "loss": 0.01712699420750141,
        "acc": 0.994350016117096
    },
    "eval": {
        "loss": 0.03877600282430649,
        "acc": 0.9879999756813049
    }
}