{
    "step": 24,
    "train": {
        "loss": 0.0058456528931856155,
        "acc": 0.9978166818618774
    },
    "eval": {
        "loss": 0.04198934882879257,
        "acc": 0.9897000193595886
    }
}