{
    "step": 9,
    "train": {
        "loss": 0.022318033501505852,
        "acc": 0.9923166632652283
    },
    "eval": {
        "loss": 0.03625943884253502,
        "acc": 0.9882000088691711
    }
}