{
    "step": 99,
    "train": {
        "loss": 0.004726903047412634,
        "acc": 0.9983999729156494
    },
    "eval": {
        "loss": 0.04449500888586044,
        "acc": 0.9904000163078308
    }
}