{
    "step": 9,
    "train": {
        "loss": 0.0372764877974987,
        "acc": 0.9876333475112915
    },
    "eval": {
        "loss": 0.03653048723936081,
        "acc": 0.9882000088691711
    }
}