{
    "step": 49,
    "train": {
        "loss": 0.0022960335481911898,
        "acc": 0.9993000030517578
    },
    "eval": {
        "loss": 0.05524780973792076,
        "acc": 0.9894999861717224
    }
}