{"loss": 0.0349835641682148, "acc": 0.988099992275238}