{"loss": 0.03877600282430649, "acc": 0.9879999756813049}