{"loss": 0.06867203116416931, "acc": 0.9879000186920166}