{"loss": 0.05524780973792076, "acc": 0.9894999861717224}