{"loss": 0.03625943884253502, "acc": 0.9882000088691711}