{"loss": 0.04449500888586044, "acc": 0.9904000163078308}