{"loss": 0.03653048723936081, "acc": 0.9882000088691711}