{"loss": 0.04198934882879257, "acc": 0.9897000193595886}